client,insight_id,insight_category,insight_type,priority,impact_level,station,daypart,recommendation,projected_impact,confidence,action_type,urgency,entity_type,trend_direction,implementation_timeline,business_rationale,generated_date
OPOS,EXEC_001,Executive Summary,strategic_overview,1,High,,,"The campaign shows strong performance on several stations and dayparts, but ON and LF are underperforming significantly. Reallocating budget from underperforming areas to high-efficiency stations and dayparts could improve overall ROAS.",,High,strategic_review,High,campaign,,Immediate,Executive strategic context,2025-06-30
OPOS,SCALE_001,Scaling Opportunity,performance_optimization,1,High,LIFE,,"Increase spots on LIFE by 20%, aiming for 16 additional spots.","Increase visits by approximately 728, assuming consistent efficiency.",High,scale_up,High,station,positive,Immediate,"LIFE has a high efficiency (45.5 visits/spot) and a relatively low cost per visit, indicating strong potential for scaling.",2025-06-30
OPOS,SCALE_002,Scaling Opportunity,performance_optimization,2,High,,WK,"Increase spots on WK by 15%, adding 10 spots.","Increase visits by approximately 465, based on current efficiency.",Medium,scale_up,High,daypart,positive,Immediate,WK daypart demonstrates high efficiency (46.5 visits/spot) and represents a valuable opportunity for increased reach.,2025-06-30
OPOS,UNDER_001,Underperformer,performance_issue,1,High,,ON,Very low efficiency compared to other dayparts.,Performance improvement needed,High,reduce,High,daypart,negative,Immediate,"ON daypart has a significantly lower efficiency (9.9 visits/spot) than other dayparts, making it a poor investment.",2025-06-30
OPOS,UNDER_002,Underperformer,performance_issue,2,High,,LF,Extremely low efficiency and minimal visits.,Performance improvement needed,High,eliminate,High,daypart,negative,Immediate,LF daypart has the lowest efficiency (6.0 visits/spot) and contributes very little to overall campaign visits.,2025-06-30
OPOS,UNDER_003,Underperformer,performance_issue,3,Medium,TBS,,Low efficiency compared to other stations.,Performance improvement needed,High,optimize,Medium,station,negative,Short-term,"TBS has a lower efficiency (11.3 visits/spot) than other stations in the 'Good' ranking, suggesting potential for optimization or reallocation.",2025-06-30
OPOS,BUDGET_001,Budget Reallocation,resource_optimization,1,High,LIFE,,Move 15 spots from ON to LIFE,"Increase visits by approximately 682, assuming LIFE's efficiency of 45.5 visits/spot.",High,reallocate_budget,High,budget_allocation,optimization,Short-term,Reallocate from ON to LIFE,2025-06-30
OPOS,BUDGET_002,Budget Reallocation,resource_optimization,2,High,LMN,,Move 11 spots from LF to LMN,"Increase visits by approximately 479, assuming LMN's efficiency of 43.5 visits/spot.",High,reallocate_budget,High,budget_allocation,optimization,Short-term,Reallocate from LF to LMN,2025-06-30
OPOS,TREND_001,Trend Analysis,trend_insight,1,Medium,,,Efficiency is improving week-over-week.,Trend: positive,Medium,capitalize,Medium,trend_analysis,positive,Ongoing,Monitor performance trajectory,2025-06-30
